,scenario_id,roaduser_id,startx_axis,starty_axis,endx_axis,endy_axis,speed,max_speed,numberofcycle,start_cycle,user_type,strategy
0,1,v0,12.5103,3.9283,2.1724639172297415,21.303990022968836,3.2512,3.150957464760917,13.0,2.0,2,1
1,1,p0,6.9816,7.8139,22.53680291069238,10.757613698238597,1.39073023983805,1.2771786206263982,21.0,2.0,1,0
2,1,v1,12.6941,5.0008,2.1928781910187936,19.81346371391834,2.9026,2.7860767949868253,19.0,8.0,2,1
3,1,p1,7.0758,10.0843,19.007103695998737,9.885158073048608,0.9675032299687687,1.1017315455654724,21.0,2.0,1,0
4,1,p2,6.9517,10.6384,-0.7607610264336371,9.655219525475706,1.383149225499548,1.3858687155731373,6.0,2.0,1,0
5,1,p3,6.9421,11.0668,-0.8428801583042516,10.16352905234876,1.358114177821585,1.4039059320290046,6.0,2.0,1,0
6,1,p4,9.122,12.4495,-1.0069765002978,11.230445672129585,1.336114560956507,1.3042539509327173,10.0,2.0,1,0
7,1,p5,16.5381,4.2545,1.6749100777332098,6.406745307156819,0.9109458655705068,1.2930293192190343,21.0,2.0,1,0
8,2,p0,7.1271,9.3865,21.26296678114608,10.11536492760539,1.2654807149854161,1.4034491103584905,15.0,2.0,1,0
9,2,v2,13.2366,4.1981,5.007607093240031,19.259822548736256,2.5912,2.4352523699341093,15.0,2.0,2,1
10,3,v2,17.7279,19.7543,14.58244572109085,-1.3447469168734916,1.1336,1.052632399724434,45.0,9.0,2,1
11,3,p5,20.016,15.075999999999999,-0.9990297298171988,15.619328139449282,0.8663004675053569,1.294231105084777,35.0,9.0,1,0
12,3,p32,20.9193,9.8634,30.67736020072997,13.750898509492664,1.1695383405429682,1.1170575871587332,19.0,9.0,1,0
13,3,p39,19.4379,10.5118,30.65366962672131,12.2581592979251,1.2369176043698304,1.1682628988719876,20.0,9.0,1,0
14,3,p40,19.5223,9.5788,30.694559428394935,11.654714517215831,1.3052672561586764,1.1840997207980928,20.0,9.0,1,0
15,3,p41,18.836,11.9455,30.716169404048745,13.363307185291006,1.2355187736331652,1.1790407856006815,21.0,9.0,1,0
16,3,p42,17.9541,10.7473,30.985289088536035,12.959242090493941,1.2013941900974885,1.1114531249039281,24.0,9.0,1,0
17,3,p43,18.9662,13.4404,30.520069721105845,15.821710728481737,1.5643227831876643,1.6827197523369846,17.0,9.0,1,0
18,3,p44,18.9532,13.8213,30.837875127090516,17.25089830061774,1.5766907432974928,1.637469403805262,18.0,9.0,1,0
19,3,p45,16.3584,9.347999999999999,30.731583401895584,11.850713653225602,1.5327771038216875,1.3891959210128761,23.0,9.0,1,0
20,3,p46,14.081,9.2642,30.988514921269804,11.852660257982132,1.4762261141166688,1.4311550597029274,26.0,9.0,1,0
21,3,p47,15.5191,11.0235,30.455811650043,12.943153755835644,1.326086712851011,1.3486500847607321,24.0,9.0,1,0
22,3,p48,15.1882,11.557,30.38802329416632,14.179082711250524,1.476065449090927,1.4074483084747103,24.0,9.0,1,0
23,3,p49,13.7616,12.1621,30.621032794670263,14.420561783679126,1.423005073778727,1.41776471651255,26.0,9.0,1,0
24,3,p50,13.7323,12.7371,30.628646069073895,15.000162682634866,1.493201771362464,1.4271137540518808,26.0,9.0,1,0
25,3,p51,14.356,13.9925,30.88600856483933,14.724211794051701,1.5984703938453162,1.5537475463443926,24.0,9.0,1,0
26,3,p52,12.5697,11.139000000000001,30.75689053019956,14.082131395396708,1.6587960513577311,1.511347440599298,27.0,9.0,1,0
27,3,p53,11.4936,9.8014,30.976196695567957,10.7327478097051,1.3913343415584911,1.3108383297690094,32.0,9.0,1,0
28,3,p54,11.6743,7.8568,30.092910648784063,16.63693998694949,1.5743449209115516,1.5649223544357007,29.0,9.0,1,0
29,3,p55,9.8093,9.1342,30.901783517479107,10.979064089180495,1.2101090612006837,1.2064776624154194,36.0,9.0,1,0
30,3,p56,9.9732,9.6126,30.979207024046225,11.589350710903977,1.1410269760176575,1.1970872806079906,36.0,9.0,1,0
31,3,p57,10.5349,10.9599,30.806452554657753,12.410208010083435,1.450148299312867,1.4629627379424577,30.0,9.0,1,0
32,3,p59,7.2205,9.4732,30.681734555955174,11.484090414414752,1.2633000158315524,1.2436585386469636,39.0,9.0,1,0
33,3,p60,7.1925,10.1551,30.741098578293613,12.575402212988584,1.2653396698120234,1.2548743218293228,39.0,9.0,1,0
34,3,p61,7.9581,10.8853,30.484089054679387,13.010802628588744,1.52425986301549,1.4784817175387437,33.0,9.0,1,0
35,3,p62,7.8427,11.5958,30.346842436778985,13.764529003489628,1.420802565453765,1.4741788607237596,33.0,9.0,1,0
36,3,p63,7.7517,12.1676,30.898747865272675,14.407743732964343,1.4740524583609635,1.474604215507966,34.0,9.0,1,0
37,3,p64,5.608,12.3946,30.725220926579066,12.865654794220045,1.3356010819103135,1.5006298104965565,36.0,9.0,1,0
38,3,p66,4.8801,9.36,30.71093413517321,11.025893718264127,1.5085140304286202,1.360005408374178,42.0,11.0,1,0
39,3,p67,4.8121,9.8825,30.735748107083868,11.585324466526437,1.4386200645062617,1.3635843050568182,42.0,11.0,1,0
40,3,p68,5.0049,10.5567,30.809022131603935,12.034352770546532,1.450220569430733,1.3200177686502195,43.0,11.0,1,0
41,3,p69,5.2747,12.2237,30.534687898452418,10.756585785061565,1.2137419989437623,1.2316030714122197,45.0,11.0,1,0
42,3,p70,4.6009,13.8259,29.711556228000667,18.537100935767768,1.1977939263496038,1.2219888588982635,47.0,11.0,1,0
43,3,p71,4.9876,13.9614,30.33605483706667,18.587591958766065,1.5341837862524816,1.5430730850993901,42.0,14.0,1,0
44,3,p73,4.3063,9.837,29.346566482787892,11.495677881744678,1.4900541097557498,1.368555749343796,47.0,17.0,1,0
45,3,p74,4.2666,10.3282,29.19242955357543,11.989638583418003,1.4512154250834024,1.3593391719219763,47.0,17.0,1,0
46,3,p75,4.9658,12.3622,30.9896757172621,13.970767365238737,1.6280055282461419,1.7047333889108682,43.0,17.0,1,0
47,3,p77,4.4327,11.7543,24.866671818491223,14.111085285157756,1.2205118311593706,1.1564864998313509,47.0,19.0,1,0
48,3,p79,5.7355,8.4403,30.67501459509781,14.487048343286364,3.062656907000848,1.8425329730757756,46.0,22.0,1,0
49,3,p82,4.4432,10.6574,21.315899518495765,11.704497668375549,1.2361369584313868,1.054174753907383,47.0,24.0,1,0
50,3,p83,4.4425,11.3475,21.55256316804542,12.31271201367188,1.1615589266154343,1.0663736883043513,47.0,24.0,1,0
51,3,p84,4.9662,9.014,22.03254640566184,9.854566049236814,1.493529089104059,1.270679869198638,47.0,26.0,1,0
52,3,p87,4.8323,9.4809,20.17853871583769,10.907365874827857,1.2769822708244623,1.1738541007273293,47.0,29.0,1,0
53,3,p88,4.7194,10.0581,20.096076795309813,11.869153797561127,1.2434627658277508,1.1731040506348756,47.0,29.0,1,0
54,3,p89,12.8914,2.8104,22.516843427282087,13.452642641277844,1.191916314176461,1.1896286564442313,47.0,31.0,1,0
55,3,p90,15.0462,2.6483,25.53128295482653,13.429399927276378,1.410762269129707,1.3459610892018266,47.0,31.0,1,0
56,3,p91,4.6929,13.6341,22.51457908016303,13.18019496872246,1.5501782349136501,1.6113655046283137,47.0,31.0,1,0
57,3,p92,13.8049,2.6557,22.66087823481556,13.087604612039993,1.1356243965325858,1.181482885925774,47.0,32.0,1,0
58,3,p93,4.9430000000000005,8.1455,20.07551747641051,9.582171961221418,1.367000793708621,1.3597638911327774,47.0,32.0,1,0
59,3,p94,4.9257,10.3488,18.66377197888417,11.544403998573426,1.2554577213112355,1.1848517987207305,47.0,32.0,1,0
60,3,p95,4.663,11.167,18.362572751076428,12.330226125649185,1.1872783708970698,1.16934150907805,47.0,32.0,1,0
61,3,p96,4.5457,9.5291,18.100876075601175,10.711804566328507,1.6330371030690025,1.5742963418399283,47.0,36.0,1,0
62,3,p97,10.6804,2.5646,16.98224361303066,10.966867289855497,0.9755291077153977,1.015004588194702,47.0,36.0,1,0
63,3,p98,3.9967,8.8605,15.071006710431824,10.255317398713094,1.2904707745625237,1.246069161081544,47.0,37.0,1,0
64,3,p99,4.3369,10.7914,14.290922801617747,11.469955807625988,1.0160491179072004,1.0005525756355662,47.0,37.0,1,0
65,3,p100,5.3418,12.7124,16.383391777203958,10.364924091263129,1.8278710512506071,1.609818449504701,47.0,39.0,1,0
66,3,p101,4.1482,12.3002,13.359393671845783,12.285545032864416,1.0240632792947906,1.0487073126293103,47.0,39.0,1,0
67,3,p102,4.2411,11.5981,13.342289563282264,12.191963796835603,1.0829204449081198,1.0396406243441558,47.0,39.0,1,0
68,3,p103,12.8716,3.2082,16.196816208261016,10.88233054928287,1.1712303360142273,1.1576690008194268,47.0,41.0,1,0
69,4,p0,20.66,9.6669,31.78064570556405,11.833250254702984,1.1371249051885197,1.1575550657188294,15.0,4.0,1,0
70,4,p1,20.7047,10.2911,32.076969950456636,11.699904650035508,1.112308014895155,1.2732092504214043,14.0,4.0,1,0
71,4,v2,17.0209,22.4452,15.074807121795518,-3.0404862282915177,1.0018,1.4512701477929273,39.0,4.0,2,1
72,4,p12,20.2763,12.0354,0.6468724146442835,19.655289298364504,0.8780576746433003,1.1282180109484836,39.0,4.0,1,0
73,4,p13,19.454,12.4598,-0.08508372270966902,22.091894406375893,0.7147854573226852,1.1868721371451636,39.0,4.0,1,0
74,4,p14,21.5757,13.5601,31.711641463075836,13.3615997934191,1.2073488393997818,1.2736695863980805,12.0,4.0,1,0
75,4,p15,19.8098,13.1217,31.71276837948874,11.212057953386166,1.5937190875433473,1.5781688482740273,13.0,4.0,1,0
76,4,p16,18.0186,11.8423,32.08113658437493,12.54118575414092,1.1550498387515578,1.1441757197800417,20.0,4.0,1,0
77,4,p17,17.9069,11.1113,32.05601580242414,11.84365173100863,1.177852388884108,1.1586214084420094,20.0,4.0,1,0
78,4,p18,19.2777,9.8638,31.55945817083811,13.803395172168793,1.671221245077982,1.4747413590016187,15.0,4.0,1,0
79,4,p19,15.119000000000002,7.2583,31.43128040188261,12.49638382512906,1.0322313306618822,0.9910778645141208,29.0,4.0,1,0
80,4,p20,14.8953,7.806,31.425789739855915,13.192358279518457,0.9428166152545255,1.004817387078086,29.0,4.0,1,0
81,4,p21,17.129,9.0883,31.866205244540957,12.063728868670903,1.4686049741165934,1.4445614147719654,18.0,4.0,1,0
82,4,p22,16.8439,10.3125,31.874445279390965,11.309097823733358,1.2182011861757482,1.1331306580908345,22.0,4.0,1,0
83,4,p23,16.7436,10.9246,31.99144237407387,11.917053438466926,1.235961427391648,1.1575654017894326,22.0,4.0,1,0
84,4,p24,15.2753,11.1372,32.04023258730071,11.724713443151156,1.2199466750641192,1.1359316867692835,25.0,4.0,1,0
85,4,p25,15.2352,9.9281,31.76136547245943,11.225392892435838,1.5904187153073874,1.2655047194446258,23.0,4.0,1,0
86,4,p26,15.1332,11.8452,32.01032243357593,12.387327319768394,1.2236269570420553,1.1444419816919287,25.0,4.0,1,0
87,4,p27,12.0959,9.8593,31.82030665624999,11.332778741003457,1.5785228854850348,1.3960818185937063,26.0,4.0,1,0
88,4,p28,13.8534,10.6329,30.51152519347749,-0.7068185775621707,1.738493704331425,1.6234123227085984,24.0,4.0,1,0
89,4,p29,10.4421,11.174000000000001,31.687496574918914,13.523750755697852,0.9223892995910132,1.0694548227724812,35.0,4.0,1,0
90,4,p30,9.5798,11.8832,31.61872847554634,14.585650344923401,1.032602789072352,1.0772172057479872,36.0,4.0,1,0
91,4,p31,9.5783,12.411,31.586412337651772,14.943865630137061,0.9643357610293212,1.072224358237157,36.0,4.0,1,0
92,4,p32,11.7202,13.3809,31.709430707556116,14.125928054945565,1.8177311709931148,1.6057588962820717,23.0,4.0,1,0
93,4,p33,11.4291,14.2632,31.730606868972657,14.483040782665359,1.4650007303752444,1.611500608926622,23.0,4.0,1,0
94,4,p34,11.5079,15.5616,31.59306204099619,18.978966544940413,1.6298076236169716,1.6478759455185288,23.0,4.0,1,0
95,4,p35,11.4201,19.1795,31.71414304518345,19.276365140302367,1.4859141462412961,1.5384420709482156,26.0,4.0,1,0
96,4,p36,11.1906,19.6733,31.60084343882775,19.770382525587827,1.4634513350296279,1.5581503584108876,26.0,4.0,1,0
97,4,p37,8.0903,9.4295,31.8299697999512,11.92186806132274,1.3848908476843942,1.3578708956091274,32.0,4.0,1,0
98,4,p40,5.5389,12.0885,31.826004268810355,13.140053311277756,1.202078366829717,1.2281685547672854,39.0,4.0,1,0
99,4,p43,5.5352,14.6515,31.772556105795708,19.125462663275627,1.4317999336499494,1.56480859236246,33.0,4.0,1,0
100,4,p44,5.2004,15.054,31.794024913002193,19.740452177266732,1.4319016900611576,1.584441821974483,34.0,4.0,1,0
101,4,p45,4.5109,9.3694,31.533860563206904,11.789990558957852,1.4957803114093995,1.482461870894352,37.0,7.0,1,0
102,4,p46,4.7589999999999995,9.9068,31.527614478629804,12.264729167445521,1.4051819882136263,1.4629564870703589,37.0,7.0,1,0
103,4,p49,5.0321,10.0914,29.93662840491037,12.14250382573195,1.4657559312518575,1.4940656867565612,39.0,12.0,1,0
104,4,p50,4.7626,13.6371,26.372361123370364,13.476034103933602,1.415501275167211,1.3371262239004182,39.0,14.0,1,0
105,4,p51,5.0086,14.1877,26.522488834193254,14.233166832202771,1.4343104859130047,1.329864291856301,39.0,14.0,1,0
106,4,p52,4.8947,13.5056,25.259176132276124,13.312885867629506,1.3779760520415443,1.3409389642565168,39.0,16.0,1,0
107,4,p53,4.823,14.0111,25.17248609513196,13.963108117746911,1.4936336163865622,1.3516403895206448,39.0,16.0,1,0
108,4,p54,4.9135,7.0706,20.14801503188785,7.35726858111472,1.127139853789227,1.0824839552302814,39.0,17.0,1,0
109,4,p55,4.7828,8.347999999999999,23.117325263637227,11.792631124006924,1.3146400648086152,1.2476466195800413,39.0,17.0,1,0
110,4,p56,4.8329,9.4347,22.868741709685313,12.448059979181105,1.1751744466248404,1.2078731097136244,39.0,17.0,1,0
111,4,p57,4.8762,10.1813,22.79176059584492,12.91569889459276,1.186511462228663,1.1965509984298546,39.0,17.0,1,0
112,4,p58,4.7562,10.8208,22.54500192851719,13.30092486164413,1.3084350499738229,1.198880681414502,39.0,17.0,1,0
113,4,p60,4.2368,6.5759,19.920015169647627,8.40836449896732,1.0441190209932965,1.1547397729639484,39.0,19.0,1,0
114,4,p61,4.4855,8.0053,21.732273478654466,8.531611641371287,1.3442238243685463,1.2359658245382275,39.0,19.0,1,0
115,4,p62,4.5456,9.1489,21.49556939460021,9.961118227804851,1.3138255021120575,1.2490941190903913,39.0,19.0,1,0
116,4,p63,4.2647,11.0843,20.441708422895672,11.946805711015879,1.2009727474010392,1.1359791546402387,39.0,19.0,1,0
117,4,p64,4.405,11.5735,20.36258868874665,12.619706068951226,1.213093211587634,1.1144922750344515,39.0,19.0,1,0
118,4,p65,5.1227,8.5722,21.054745306659754,9.26750074837875,1.3820224925810722,1.2519807166089612,39.0,21.0,1,0
119,4,p66,4.3148,11.7825,20.075908848759205,13.82569856625279,1.2840477639091157,1.2290701556287191,39.0,21.0,1,0
120,4,p67,4.8441,12.9035,22.05675688461452,10.278632251805066,1.4229301107222379,1.440885875643687,39.0,21.0,1,0
121,4,p69,4.751,12.1816,19.769716090568622,14.094848379374739,1.192280881336273,1.2068904848077353,39.0,22.0,1,0
122,4,p70,4.3285,10.075,20.147289633072276,10.341680274418632,1.3629855942012006,1.2935986959706802,39.0,22.0,1,0
123,4,p71,3.9704,7.885,18.781354555013955,8.704998258010875,1.0956967691838833,1.153806428824677,39.0,22.0,1,0
124,4,p72,4.106,5.9423,20.91388185009796,6.206620079566683,1.4405632926046672,1.4091427822597746,39.0,22.0,1,0
125,4,p73,4.9152,8.9131,18.306287862754345,9.002786712018162,1.172507675881058,1.125903250280007,39.0,24.0,1,0
126,4,p75,5.3729,9.86,18.87169289504217,10.144113230617188,1.3512865943240908,1.3147961432902704,39.0,26.0,1,0
127,4,p76,5.3329,10.3126,18.810927006205272,10.604598485828841,1.3718831036207129,1.3143390724156148,39.0,26.0,1,0
128,4,p77,5.1364,11.3751,18.10196675035366,11.896189017032006,1.1981503954011783,1.2261228642752962,39.0,26.0,1,0
129,4,p78,4.6246,12.4986,18.444104123376977,13.449548632225854,1.310673052290311,1.366267936975343,39.0,26.0,1,0
130,4,p79,3.9728,5.8089,15.36571417394459,3.8767951578820923,1.2038581519431597,1.2053886837657117,39.0,27.0,1,0
131,4,p80,4.6627,9.2495,17.280083489438525,10.841194948535097,1.2285932768821421,1.2796047093443903,39.0,27.0,1,0
132,5,v2,13.1074,4.688,2.3030343780401443,21.519605397124543,1.6444,1.4860292102971995,25.0,1.0,2,1
133,5,p30,15.1153,12.1164,29.534472574913533,13.787073882193443,1.2714312447002396,1.2713014785856462,16.0,1.0,1,0
134,5,p31,13.8164,11.1918,29.50498536336675,13.226179705183407,1.289602458124208,1.2197768904403483,19.0,1.0,1,0
135,5,p32,14.1366,12.7301,29.48983248370109,14.064108206161917,1.183979543742205,1.161896725372962,19.0,1.0,1,0
136,5,p33,13.6709,10.5727,29.44533269766593,12.89607734962205,1.371538880236357,1.2365517902596037,19.0,1.0,1,0
137,5,p34,13.3213,9.9396,29.436773143463355,12.3303157820082,1.86295146743011,1.3117865894805145,19.0,1.0,1,0
138,5,p35,14.0537,14.5982,29.311273559817582,15.322634444978087,1.3004793154833336,1.1579275602998322,19.0,1.0,1,0
139,5,p37,11.8966,13.9306,29.581525629505634,15.483865482592423,1.262586381203282,1.1712674475315539,23.0,1.0,1,0
140,5,p38,12.6835,16.1217,29.793880958447048,17.00298982059642,1.2551944749719066,1.224708345224549,21.0,1.0,1,0
141,5,p39,12.0123,15.1898,29.767139536436275,14.199432029054504,1.476513630143657,1.2960847387810486,21.0,1.0,1,0
142,5,p40,10.8629,15.1603,28.865799306577085,25.40062880274677,1.3014266172166604,1.3884668796548283,24.0,1.0,1,0
143,5,p41,10.5773,13.4749,29.56496495387286,15.405061255863494,1.2525473723576286,1.0994503614270994,27.0,1.0,1,0
144,5,p42,10.6863,12.6619,29.788082463127598,14.464572480342028,1.0877129216847614,1.0960382937825615,27.0,1.0,1,0
145,5,p43,10.780999999999999,10.6885,29.237778283673222,15.736331864995394,2.209048324505374,1.7191538733795177,18.0,1.0,1,0
146,5,p44,9.6731,11.0353,29.636667464031156,12.907042648642264,1.3825079855103912,1.374433743267851,23.0,1.0,1,0
147,5,p45,9.5915,11.5021,29.44568365899807,13.612762668617599,1.7039407882904853,1.3861089581517838,23.0,1.0,1,0
148,5,p46,10.1089,12.0764,29.328362458193205,13.91559656965016,1.5680034725726855,1.3814766634259155,22.0,1.0,1,0
149,5,p47,9.336,11.7947,29.42905914273609,14.466969210610108,1.2040868448745714,1.3787450342572636,23.0,1.0,1,0
150,5,p48,9.3753,13.5149,29.019441235134483,13.419658605612149,1.00220060367174,1.131125908901336,27.0,1.0,1,0
151,5,p49,7.0433,12.5793,29.044283366832374,23.973742473497698,1.4875125713754491,1.551001024240574,27.0,1.0,1,0
152,5,p50,8.2988,15.8489,29.71969029465865,16.257574136167566,1.4490045721114895,1.3747349849660122,25.0,1.0,1,0
153,5,p51,6.888999999999999,15.3969,29.448209800382326,15.965993090381382,1.9172688517784875,1.7748305318992788,21.0,1.0,1,0
154,5,p53,4.3213,15.0117,27.161706146046463,16.255215876024682,1.4345399053355052,1.4349654310978919,27.0,2.0,1,0
155,5,p54,4.6506,15.5586,26.35090403632681,17.563102563436917,1.4161180070883923,1.3590650427037585,27.0,2.0,1,0
156,5,p56,4.4408,10.1191,21.852738210130056,12.25969998799965,1.400954931466391,1.3987107479289809,27.0,9.0,1,0
157,5,p57,4.4173,10.8956,21.788431714715657,12.954920437278417,1.3527020551474,1.3918849867470433,27.0,9.0,1,0
158,5,p58,4.74,15.171,20.16371946934365,11.52251170916028,1.4614596299590352,1.2469558867343289,27.0,9.0,1,0
159,5,p60,5.1895,14.3802,20.05188227189463,10.967529694365442,1.4882835885677166,1.3389237743266462,27.0,11.0,1,0
160,5,p62,4.5091,10.7755,18.01723564477768,11.585471102110807,1.1846244510392312,1.1463920815362476,27.0,12.0,1,0
161,5,p64,4.7655,11.2626,18.04225554761448,13.523292206880845,1.3172126100216321,1.3234741743958545,27.0,14.0,1,0
162,5,p65,4.9972,11.764000000000001,18.299875344430195,12.342711374133552,1.322130103280309,1.2951917665926618,27.0,14.0,1,0
163,6,v2,13.8167,4.8852,0.40625739817447615,22.245284633737164,1.4027,1.6900577704209148,26.0,2.0,2,1
164,6,p25,12.2305,10.8069,31.613779254083838,12.80366186186723,1.5159943964276383,1.3916563070342367,23.0,2.0,1,0
165,6,p26,12.1001,11.2414,31.806270050869166,13.13934237529282,1.3918624393236567,1.3526133358861654,24.0,2.0,1,0
166,6,p27,11.7157,11.5623,31.81177595153492,13.531117075973297,1.4215505056099835,1.3292711973762004,25.0,2.0,1,0
167,6,p28,12.6783,11.9986,31.56010573060449,13.750944347646511,1.522151116019694,1.3441659222953508,23.0,2.0,1,0
168,6,p29,11.7324,12.3293,31.737558565428028,14.479809968044554,1.4810069716243741,1.3820989588822123,24.0,2.0,1,0
169,6,p30,11.1627,13.0121,31.328087581013932,15.167240377528213,1.3742013134908582,1.393603474304481,24.0,2.0,1,0
170,6,p31,11.2651,13.3541,31.729377526275652,15.341900584368826,1.3654094807053303,1.416957693002478,24.0,2.0,1,0
171,6,p32,11.4507,15.9991,31.86476688232431,17.08300698220277,1.4482543871847928,1.4067531989220485,24.0,2.0,1,0
172,6,p33,11.1472,16.5668,31.612278908577323,17.79094870348838,1.447738346525366,1.4145927780010485,24.0,2.0,1,0
173,6,p38,7.07,9.5856,27.005040418281748,12.445150296825538,1.3210921428878455,1.2375223783635039,27.0,2.0,1,0
174,6,p39,6.7765,9.9935,26.736466063296454,12.821252730754965,1.29330054125095,1.2353463601884147,27.0,2.0,1,0
175,6,p40,6.0067,11.1626,24.861474762074824,12.582870042608972,1.3051240017714791,1.1435550262879919,27.0,2.0,1,0
176,6,p41,6.0244,11.8001,24.67823753469484,13.031703491024441,1.18294827021303,1.1085035754521202,27.0,2.0,1,0
177,6,p42,6.2031,12.2877,24.747820008680844,13.616162627507347,1.2368041397084664,1.1021702593922693,27.0,2.0,1,0
178,6,p43,6.6082,12.870999999999999,23.96702041829571,15.037124493809415,1.184904055187592,1.0535231169802544,27.0,2.0,1,0
179,6,p44,5.6825,12.7759,24.065310960923917,13.87351237515437,1.2214121867739818,1.0916292048433518,27.0,2.0,1,0
180,6,p45,5.2408,16.1488,21.90481851775626,15.427183319733796,1.3632083479791341,1.2167825207947829,27.0,2.0,1,0
181,6,p46,4.9309,15.4342,21.56892412649434,14.424821965126306,1.1579524342562608,1.1495257077859793,27.0,2.0,1,0
182,6,p47,4.854,14.587,21.515511544952517,13.784577559751716,1.383247284472303,1.1140797263167765,27.0,2.0,1,0
183,6,p48,4.555,13.4373,22.74624146657134,14.857044410255261,1.2685888892781616,1.0897458033634992,27.0,2.0,1,0
184,6,p49,4.5379,12.6183,22.540123974224606,14.252540916425037,1.2067704711335954,1.0562146747026127,27.0,2.0,1,0
185,6,p50,4.3852,11.8377,22.314212593915514,13.830012342703302,1.2893030404059396,1.0626123530092988,27.0,2.0,1,0
186,6,p51,4.4339,11.3254,22.640836427871417,13.32766921394378,1.1781317795560902,1.0752234243875964,27.0,2.0,1,0
187,6,p52,4.0558,9.9321,25.392470204663507,12.441660163404551,1.4128794180679396,1.3305458430499466,27.0,2.0,1,0
188,6,p53,4.3401,9.4376,24.644848864673406,11.570167430213969,1.3429187354415753,1.2928424689855973,27.0,3.0,1,0
189,6,p57,4.5397,11.2586,21.63649293779241,12.688954430540408,1.1078726461105535,1.1099518522102418,27.0,5.0,1,0
190,6,p59,4.1244,12.5717,20.35258669798222,12.609133429710704,1.139795003498436,1.0749114650079294,27.0,6.0,1,0
191,7,v2,14.3656,4.667,4.103062857182454,23.12242899916641,1.777,1.4748127797343882,31.0,2.0,2,1
192,7,p2,7.1714,8.286,27.138351474997222,11.303816563767043,1.06536925523501,1.0623941576858351,31.0,2.0,1,0
193,7,p3,7.2246,8.7013,27.032594249675924,11.826809688453883,1.0154221043487286,1.0491001769913193,31.0,2.0,1,0
194,7,p4,6.015,10.2209,25.640220363545946,10.62879994670682,1.112232480194676,1.0377325037851497,31.0,2.0,1,0
195,7,p5,5.9904,10.9412,25.60844421557608,11.175246606413594,1.0767171030498215,1.041390034305097,31.0,2.0,1,0
196,7,p6,6.5573,12.7579,27.814582937395635,14.252740525192653,1.6208914368334482,1.3440220352998462,31.0,2.0,1,0
197,7,p7,6.8088,13.9603,25.573127154916,12.975428988935366,1.2572030941737298,1.07555306782091,31.0,2.0,1,0
198,7,p8,6.9322,14.4431,25.49489214536834,13.459269245381336,1.2781015804700344,1.1137564980919208,31.0,2.0,1,0
199,7,p9,5.3086,15.0864,23.92877496634183,15.027477991435564,1.2579239126433681,1.2891642209272791,31.0,2.0,1,0
200,7,p10,8.3284,10.5981,27.3100833550466,12.766758000554095,1.0356999275852055,1.0472876447938109,31.0,2.0,1,0
201,7,p11,12.0068,12.2127,32.63970831815234,14.955199350144103,1.4282201580988836,1.277101641781158,27.0,2.0,1,0
202,7,p12,11.8999,12.8203,32.61132284371617,15.694999070751155,1.4671777158885695,1.2859012910633782,27.0,2.0,1,0
203,7,p13,11.5934,13.6746,32.30389627057369,13.808006885961202,1.2008132785741503,1.1727012864563657,29.0,2.0,1,0
204,7,p14,11.7186,14.2161,32.339141287038466,14.747380348992651,1.312699302963173,1.1714156730866558,29.0,2.0,1,0
205,7,p69,4.3647,8.2324,29.967887193059404,1.5338487132865388,1.4047296181116138,1.4883650073935748,31.0,2.0,1,0
206,7,p70,4.6583,11.3896,24.455520637935727,11.97431053832194,1.2362575176717834,1.1774034691763557,31.0,2.0,1,0
207,7,p71,4.5131,11.919,24.19497918616532,12.658005283019294,1.2222121297058053,1.1201740105628464,31.0,2.0,1,0
208,7,p72,4.7378,12.4522,24.273115524155827,13.002757446723027,1.257691317454327,1.1108734348278038,31.0,2.0,1,0
209,7,p73,4.1787,9.4912,22.3482583511489,9.956916327999565,0.9541549612091318,1.0033274386695756,31.0,4.0,1,0
210,7,p74,4.1379,10.0858,22.264175657841626,10.414989548097404,0.887833390901694,0.9737533971176677,31.0,4.0,1,0
211,7,p75,4.285,10.5084,22.324602192438704,11.30745570522374,0.8749632277987459,0.9692765118372781,31.0,4.0,1,0
212,7,p76,5.1416,11.3505,22.779274230027248,12.440791425219441,1.2677888033895868,1.1741347225879488,31.0,6.0,1,0
213,7,p77,5.2047,11.833,22.56700602324204,12.846320476345971,1.3042525062272259,1.0976051224851633,31.0,6.0,1,0
214,7,p78,4.4808,12.0901,21.79517098156041,13.17735854032145,1.27137334013263,1.1191037029396638,31.0,6.0,1,0
215,7,p79,4.5280000000000005,12.6278,21.753481049764606,13.814283781295433,1.281263407734725,1.1306353548905386,31.0,6.0,1,0
216,7,p80,4.811,14.2505,22.792629719087795,13.408677663280843,1.3406989856041511,1.1640603106766467,31.0,6.0,1,0
217,7,p81,5.2094,8.7986,24.440438561355457,2.8648174335120147,1.4385103475470726,1.2810251088266493,31.0,6.0,1,0
218,7,p82,4.6784,7.1261,24.5425205447328,11.032763935827072,1.2716534512201034,1.2668726572575282,31.0,6.0,1,0
219,7,p83,3.8885,12.5449,20.995125571149963,14.292010632203745,1.3002401508952106,1.118871666923315,31.0,7.0,1,0
220,7,p84,3.7991,13.1991,21.447463126972547,15.142335339258398,1.2701366934310654,1.163768908447634,31.0,7.0,1,0
221,7,p85,4.5422,9.0235,21.225439228888362,9.865825468184532,1.3646022021087318,1.1950404187414274,31.0,11.0,1,0
222,7,p86,4.507,9.7881,21.22112747259868,10.881913967805419,1.470609591291992,1.206048279033219,31.0,11.0,1,0
223,7,p87,4.5613,10.5237,21.035147787205844,11.64548908478361,1.4281874001684791,1.1784130149577878,31.0,11.0,1,0
224,7,p88,4.5627,14.0195,19.62730839311549,14.566397999352766,1.0629921213254594,1.098890110022423,31.0,11.0,1,0
225,7,p89,4.4597,14.7278,19.7160100763475,15.199675304592693,1.199901700140474,1.114445457419884,31.0,11.0,1,0
226,7,p90,3.8495,11.3503,20.790291886890493,12.195283500912199,1.3537836053077315,1.2722229010469406,31.0,12.0,1,0
227,7,p91,3.9531,14.357000000000001,18.654844875327758,13.85995298172052,1.2982222999163127,1.1247523595000715,31.0,12.0,1,0
228,7,p92,3.9094,14.8625,18.627951916197503,14.749218626634057,1.2456051742024838,1.089635343293211,31.0,12.0,1,0
229,7,p93,4.2213,15.4632,18.84985214314412,15.111081787457861,1.0979714021776708,1.067162447470046,31.0,12.0,1,0
230,7,p94,4.0906,9.6886,20.017651554695355,9.41299050412774,1.287015190275546,1.2949100934576077,31.0,14.0,1,0
231,7,p95,4.1321,10.4437,19.86121199582182,10.000017413766038,1.3086366837285281,1.2725213949177525,31.0,14.0,1,0
232,7,p96,4.2375,10.9847,19.966870915832516,10.87167194672532,1.3918889503117697,1.2823576065183866,31.0,14.0,1,0
233,8,p0,9.4098,7.1993,25.307472922736885,10.288854580380288,1.1339302315398423,1.0451200815195063,25.0,3.0,1,0
234,8,p1,9.3139,7.7799,24.933065023999497,10.839170756633038,1.0674264377464144,1.0187915735020485,25.0,3.0,1,0
235,8,v2,14.5501,4.1917,17.318406128377493,27.25777458874608,1.2287,1.931883779062714,21.0,3.0,2,1
236,8,p2,9.1742,8.3273,24.845783271939315,11.130477792430014,0.933209001242487,1.0188794465701834,25.0,3.0,1,0
237,8,p3,9.1234,9.2281,24.178483366632733,11.280327453743391,1.0020801614641417,1.013000514719615,25.0,3.0,1,0
238,8,p4,9.2134,9.8872,24.129294622079946,11.913440147228158,1.0169051332351509,0.995477117502102,25.0,3.0,1,0
239,8,p5,10.542,10.0495,25.145418948344947,12.31067747209452,0.911109570798156,1.0204306256712,25.0,3.0,1,0
240,8,p6,7.9817,9.9639,23.57308480611544,12.332456274112033,0.9791392240126018,1.0125012802961286,25.0,3.0,1,0
241,8,p7,8.148,10.4485,23.778235870590215,12.748376518797008,0.9904300934442571,1.000058562692289,25.0,3.0,1,0
242,8,p8,9.6825,11.4324,27.44599787127399,11.78810136361766,1.4815412009120774,1.4061197842813193,25.0,3.0,1,0
243,8,p9,15.1914,9.3109,30.19040326162561,1.4620711305105925,1.4922666149183932,1.3527577289534278,25.0,3.0,1,0
244,8,p10,15.5278,10.2079,30.69801861134554,1.9450826082461812,1.4446691524359478,1.3350939456749953,25.0,3.0,1,0
245,8,p11,15.4367,10.7891,30.936015164580155,2.1427130326939285,1.2942318571260714,1.3491893324119375,25.0,3.0,1,0
246,8,p31,22.5424,10.249,9.14690767307621,7.647460033642605,0.8702012238557241,0.88030175286382,25.0,3.0,1,0
247,8,p32,23.4286,9.6665,9.118619750920622,6.999810367438394,0.979886039292325,0.9023002798751982,25.0,3.0,1,0
248,8,p52,5.3892,8.6517,23.03060688178229,10.812610587798865,1.2216070808570159,1.1722426602565779,25.0,3.0,1,0
249,8,p53,5.1592,9.603,22.67994241994575,11.104398654616135,1.3175072106064545,1.1634118763290255,25.0,3.0,1,0
250,8,p54,5.1082,10.7333,22.81226512542662,11.799044864784276,1.2696427607795826,1.1763849919242697,25.0,3.0,1,0
251,8,p55,5.5375,11.3154,23.36535064917404,13.591245716259447,1.4855484273493071,1.3752989009857923,25.0,6.0,1,0
252,8,p56,5.5691,12.2085,23.303487465717986,14.199409215165792,1.503692751196201,1.3657155745058038,25.0,6.0,1,0
253,8,p57,4.8517,13.2724,22.869241493914558,15.306382448957057,1.439938220896994,1.387809238586277,25.0,6.0,1,0
254,9,p0,6.1866,9.7131,20.330289686157585,10.279917521228874,1.2994447814355177,1.2253666475316385,25.0,4.0,1,0
255,9,p1,6.3879,10.1175,20.07547599086321,10.940964314607967,1.3792865148329407,1.172856923007507,25.0,4.0,1,0
256,9,v2,10.0218,17.7117,17.867849942464268,-1.1525031016814165,2.5451,1.9601496653850576,24.0,4.0,2,1
257,9,p2,6.5646,10.7344,19.985766955689535,12.074307881580106,1.3125248492885764,1.1329543273493887,25.0,4.0,1,0
258,9,p3,8.3935,12.9139,22.1726604208154,14.002796323065791,1.605487900919842,1.3561293741085558,25.0,4.0,1,0
259,9,p4,9.0099,12.3979,21.60774048314783,12.7595953898634,1.2551832535530418,1.0659284830647364,25.0,4.0,1,0
260,9,p5,9.0162,11.5875,21.44638273716553,12.318225239415295,1.2164587333732289,1.109819397121178,25.0,4.0,1,0
261,9,p6,9.9219,10.1034,27.886567474605666,10.788557232092097,1.2046470852494517,1.2429826014045562,25.0,4.0,1,0
262,9,p7,9.5681,9.3398,27.730924408555918,10.429558433174035,1.1673302960173697,1.2586814763026493,25.0,4.0,1,0
263,9,p25,4.9419,9.3338,20.920137238731286,15.201374248079475,1.5774838984915185,1.399109207250326,25.0,5.0,1,0
264,9,p26,4.4057,10.173,20.321910151954036,8.756304624044471,1.3401890687511222,1.238373975435501,25.0,5.0,1,0
265,9,p27,5.029,12.0583,18.579154162303325,11.402489009045137,1.2030473348958468,1.072045897832568,25.0,5.0,1,0
266,9,p28,6.1661,9.4808,18.24357511177157,7.984737014993469,1.3751995127980523,1.2205496779691543,25.0,13.0,1,0
267,10,v0,15.3485,5.2289,3.3410266260393477,19.232268745930234,0.1287,0.9142456433409438,39.0,1.0,2,1
268,10,p0,8.5697,11.1311,26.753041814167155,12.976704582535556,1.2003368069004632,1.2625092820336716,22.0,1.0,1,0
269,10,p1,8.9304,12.0677,27.03484795419173,12.208892755285808,1.2821752766295251,1.3744239053255791,20.0,1.0,1,0
270,10,p2,8.975,12.6276,26.524826680063192,12.869096623000798,1.2318705492055568,1.392646332204247,19.0,1.0,1,0
271,10,p3,10.3582,12.2662,27.092131108463782,11.750906193383024,1.6177850444357555,1.4843242298747208,17.0,1.0,1,0
272,10,p4,10.5,11.0969,26.953097927841455,11.787764971685316,1.0662807322651948,1.0937727532476662,22.0,1.0,1,0
273,10,p5,9.9096,10.0492,26.6588990544723,10.828336577112594,1.2139203639448513,1.1874874083022264,21.0,1.0,1,0
274,10,p9,5.0476,11.4557,27.087181900525934,13.587091922431128,1.2372170747286024,1.282916454705846,32.0,5.0,1,0
275,10,p10,4.3609,13.0119,22.509688391188217,10.121913917300533,1.2522013017083156,1.2495968488019522,39.0,17.0,1,0
276,10,p11,4.6962,10.3398,18.503928523657837,11.064444931709223,0.9159162079579113,0.9809739097785178,39.0,21.0,1,0
277,10,p12,4.7273,11.1707,18.537801110938492,11.473187228844733,0.9982679099319981,0.981409528527055,39.0,21.0,1,0
278,10,p15,5.4529,9.5951,17.33637695318346,9.631181160502873,1.1170552179726838,1.0651493020167788,39.0,26.0,1,0
279,10,p16,5.4953,10.3872,17.340278870145642,10.42163609635002,1.101535460164583,1.056458821129967,39.0,26.0,1,0
280,11,v0,10.4272,17.6098,18.022665040771127,-0.9385795800668482,1.416,2.0133955922741134,21.0,6.0,2,1
281,11,p0,6.0469,12.0564,19.564693439701998,13.959109981742193,1.2631295143412649,1.1754598694368477,21.0,6.0,1,0
282,11,p1,10.0257,11.4462,20.867259681264226,16.835891038378435,1.0288307635369385,1.2211944273471218,21.0,6.0,1,0
283,11,p2,9.4894,10.6935,21.424246842993227,12.422442745264933,1.8326263257958508,1.3693072232791161,21.0,6.0,1,0
284,11,p3,9.6821,9.8042,20.19327049131722,8.215809265829902,1.3302962226511807,1.211362020636404,21.0,6.0,1,0
285,11,p5,12.7389,10.3955,20.009720713521567,11.655068420681303,0.3122250790695712,0.8678331233595545,21.0,6.0,1,0
286,11,p6,13.0497,10.0819,19.90891877178786,10.833908580009147,0.2440612423143011,0.8567073012412115,21.0,6.0,1,0
287,11,p7,13.6525,9.5469,19.80090613006708,10.994035390064168,0.14397673423161117,0.8093453959836925,21.0,6.0,1,0
288,11,p20,5.8660000000000005,9.137,17.900801816606045,8.796657008653845,1.2435175310384652,1.1859341845965305,21.0,9.0,1,0
289,11,p21,5.7017,9.5957,17.7828293653199,9.413161789953085,1.2631463968994252,1.191377147982454,21.0,9.0,1,0
290,11,p22,5.8816,10.3443,18.09848759603703,9.81918445477949,1.2820020982822142,1.2123914917746381,21.0,9.0,1,0
291,12,v0,14.7553,4.4937,17.30546473071334,23.48401780262937,1.9259,2.3764032446402448,15.0,4.0,2,1
292,12,p2,7.585,11.2647,20.012953736825672,11.866219781876008,1.2546467311558263,1.3440400206305538,15.0,4.0,1,0
293,12,p3,7.6298,11.7037,20.010615015141312,12.41731723551565,1.3397341266087088,1.3427297318593068,15.0,4.0,1,0
294,12,p4,7.6141,12.9177,20.298660359861426,12.867190208076964,1.3622143480377822,1.4210746898906415,15.0,4.0,1,0
295,13,v0,13.7322,4.8116,4.863524935569847,22.228732357704118,2.1727,2.2130886657719135,15.0,1.0,2,1
296,13,p0,6.5324,14.9539,17.82257146241534,11.144332942129795,1.2125880174238899,1.053062534575332,15.0,1.0,1,0
297,13,p1,10.041,10.9408,19.28810586580755,9.770108243316827,0.29530711132649684,1.0445280666274475,15.0,1.0,1,0
298,13,p2,10.1806,11.7068,19.185532320589566,10.385541047418855,0.0419697510118895,1.1218354338539085,15.0,1.0,1,0
299,13,p6,18.0429,8.4041,5.093627782438547,8.44726804168485,0.6362985541394857,1.1930420795293897,15.0,1.0,1,0
300,14,v0,13.025,5.3871,1.865393337602033,17.665716049531333,4.1405,4.027757116791024,11.0,4.0,2,1
301,14,p6,10.0159,6.4712,19.309291784051442,11.400625558199671,0.8741497354572615,1.1894576977885882,13.0,4.0,1,0
302,14,p7,8.7093,8.1559,18.59065856163633,9.507705947518833,0.5137803908286107,1.2298069348753866,13.0,4.0,1,0
303,14,p8,6.8474,7.7058,16.759663238820416,7.278618527872024,1.1149931658983385,1.0923315642207212,13.0,4.0,1,0
304,14,p9,6.7831,8.3184,16.715093501843242,8.10941560367896,0.9972781557820266,1.0772272577443351,13.0,4.0,1,0
305,14,p10,4.6781,9.8114,16.15704524039885,10.010873622863544,1.4931720630925294,1.4474302328664168,13.0,4.0,1,0
306,15,v0,16.1094,21.9508,12.81543535218864,0.2532405337680155,1.6203,1.8637391283264344,19.0,1.0,2,1
307,15,p0,5.3107,10.5155,20.352134267262727,15.66318098487896,1.3271289500270875,1.2704180376071406,19.0,1.0,1,0
308,15,p1,11.4974,11.5276,27.503612540317135,11.43292654603503,1.3102480070582059,1.237941035440511,19.0,1.0,1,0
309,15,p2,14.1253,10.1292,27.513061091898383,12.500575431818351,1.1054543183686967,1.230703704004865,15.0,1.0,1,0
310,15,p4,14.8367,11.6241,27.212411497456202,14.204785728650139,1.6124729734169192,1.5428248791509267,11.0,1.0,1,0
311,15,p5,15.6779,9.8412,22.305474241937034,10.871344031202733,0.5893429986009845,0.24691737387377238,19.0,1.0,1,0
312,15,p6,15.6961,10.2588,22.90469420332454,11.38768466168953,0.34307247047817757,0.27660640396967223,19.0,1.0,1,0
313,15,p7,16.2881,10.4378,23.33864423754689,9.039255346011972,0.49622423358800205,0.341320009316684,19.0,1.0,1,0
314,15,p18,22.1984,8.2034,10.858664476652773,8.743634193070234,1.2831234702864724,1.0844153232176443,19.0,7.0,1,0
315,16,v0,12.5208,6.0169,2.3035693150416297,19.629726586396696,2.5575,2.49289219819869,15.0,4.0,2,1
316,16,p1,8.6823,9.7621,20.230998576534986,8.223324599222094,1.1137675251146444,1.228862669999114,15.0,4.0,1,0
317,17,v0,11.937999999999999,12.6925,0.1666577030717855,14.412859277352615,2.8525,2.988346336668891,5.0,1.0,2,1
318,17,v1,19.7625,12.5294,0.4287705757676452,15.514969620238348,2.435,3.1011822509874998,9.0,1.0,2,1
319,17,p20,11.5875,10.4184,13.033613881875924,22.303594808321975,0.5502431826020201,1.1908581499934887,13.0,1.0,1,0
320,17,p21,12.3194,10.0852,14.025287899951389,22.30518152655892,0.8369100369812755,1.1737853755433774,13.0,1.0,1,0
321,17,p22,13.772,9.474,15.593092854149068,23.466584862667403,0.7357519486892303,1.565721803720232,13.0,1.0,1,0
322,17,p23,11.1087,8.4496,11.070393483973993,22.526081486237885,0.8260840453610032,1.434381255899556,13.0,1.0,1,0
323,17,p24,8.9973,8.4336,9.355767110726381,20.52500416856233,0.4859164640141348,1.3393743446178483,13.0,1.0,1,0
324,17,p25,10.9602,7.2455,11.590834934849157,20.07206762061676,1.1020443230650934,1.2991864369799733,13.0,1.0,1,0
325,17,p26,11.5584,7.3957,11.926930888597198,20.36408231556338,1.1025850534085795,1.3209261775360932,13.0,1.0,1,0
326,17,p27,12.6839,3.6401,11.614954477878884,18.3803041013769,1.6561334487292985,1.6401088599286466,13.0,1.0,1,0
327,17,p28,13.1946,3.7915,12.076934646427292,18.855093777662507,1.5804347914418992,1.6767780117766735,13.0,1.0,1,0
328,17,p29,14.1158,5.2322,14.27765484930748,19.824692466511145,1.5493156295603554,1.5937784792790295,13.0,1.0,1,0
329,17,p30,14.7593,4.9478,14.848026262731825,19.72230984154178,1.5149232719844261,1.617830467720406,13.0,1.0,1,0
330,17,p31,15.556,5.1211,15.343838418313483,19.860882126256797,1.5617779131489855,1.616709766206053,13.0,1.0,1,0
331,18,v0,19.3495,7.7345,2.0983764285662856,20.205952313489377,4.4388,4.363979433679517,15.0,7.0,2,1
332,18,p0,12.0711,7.635,11.282143964976502,19.888868782590784,1.3733520815872382,1.4463240267545863,17.0,7.0,1,0
333,18,p1,12.7993,7.8146,11.991929896940269,20.08541223635928,1.420984180066759,1.453243469240155,17.0,7.0,1,0
334,18,p2,14.6603,8.3083,14.975957276539258,21.33123187589532,1.5417084062818105,1.59845957152568,17.0,7.0,1,0
335,18,p3,13.9094,8.6542,12.76557025636977,21.345114440441815,1.0959873448174482,1.4857813075089488,17.0,7.0,1,0
336,18,p4,12.44,9.9105,9.102388588245324,20.79189080121708,1.6006509457092761,1.3145631083499965,17.0,7.0,1,0
337,18,p5,11.7814,9.2624,8.710552017064716,20.402310451613644,1.2559802864694969,1.3492243556388366,17.0,7.0,1,0
338,18,p6,11.2936,8.7823,8.190826169923971,18.804750458692105,1.246259142393748,1.1287351077008996,17.0,7.0,1,0
339,18,p7,10.6774,8.9767,7.663544795607537,19.05946408918755,1.235349059982643,1.1282045982276712,17.0,7.0,1,0
340,18,p8,10.3938,7.8307,7.583899440049586,17.946494758938158,1.2561305983057653,1.119890411791896,17.0,7.0,1,0
341,18,p35,13.9565,6.3998,12.98666173977765,18.956452509017645,1.5957049382639636,1.5253789940178402,17.0,7.0,1,0
342,18,p38,10.8371,6.4987,10.379470741274742,17.67671502683249,1.3103192359116156,1.2484718470566927,17.0,7.0,1,0
343,18,p39,7.1553,13.2527,19.183901765025446,11.559749168036024,1.3521175429673264,1.480431300098892,17.0,7.0,1,0
344,19,v0,24.1571,12.7398,30.45428323401751,34.631960716105226,3.2138,2.7189842210776507,20.0,5.0,2,1
345,19,p84,33.5257,19.8127,27.816488282826366,36.55460020935604,0.9717879038144074,1.1516225143567567,27.0,5.0,1,0
346,19,p85,33.9704,19.6306,28.453763903728635,36.54064270605222,1.0495727988091155,1.1637393175958317,27.0,5.0,1,0
347,19,p86,33.961,20.3569,28.886880030863882,36.892204098130414,0.981434954543601,1.1119614638355089,27.0,5.0,1,0
348,19,p87,35.0501,19.8693,29.59293146247117,36.42631008265717,1.182614666744836,1.190047921191552,26.0,5.0,1,0
349,19,p88,34.2971,18.467,23.337460405854323,35.9212506152042,1.389028696607813,1.3264244085540131,30.0,5.0,1,0
350,19,p89,33.8909,18.2351,22.65376173910051,36.451787531272274,1.224578327425404,1.3265688423770963,31.0,5.0,1,0
351,19,p90,33.4245,17.9712,22.19890230343782,36.21845425452081,1.4046307699890388,1.3130727627737406,31.0,5.0,1,0
352,19,p91,36.1755,18.4501,25.9201056341224,36.41817230023554,1.2530191259513959,1.2182597891045346,31.0,5.0,1,0
353,19,p92,36.7,18.8994,26.964733936861315,36.31797251171375,1.2940084427854404,1.2057915827160368,30.0,5.0,1,0
354,19,p95,36.6025,16.5274,31.479363231708728,36.603036462943166,1.5361357785039707,1.3376207534755835,29.0,5.0,1,0
355,19,p96,36.0872,16.0694,30.599980283229364,36.375877880829734,1.4718994327059167,1.3575705821918476,29.0,5.0,1,0
356,19,p97,35.4378,15.9487,30.035179981221987,36.6235614288735,1.405333501344076,1.381697598560236,29.0,5.0,1,0
357,19,p98,34.5665,16.1497,27.003441975086155,36.24546433990191,1.8232729088098687,1.5825172320532284,26.0,5.0,1,0
358,19,p99,33.9872,16.1733,26.63128132773826,36.52055658051663,1.7760023704939134,1.5940589193637067,26.0,5.0,1,0
359,19,p100,33.5442,15.5988,25.89751716985878,36.85113020373954,1.3139620276096262,1.2693996362244575,33.0,5.0,1,0
360,19,p101,32.945,15.2692,25.399616045689722,36.56020018235067,1.3098336726470272,1.26663142576172,33.0,5.0,1,0
361,19,p102,32.0316,15.1651,24.245223957607344,36.953890156047635,1.4125688160227805,1.2748203060436993,34.0,5.0,1,0
362,19,p107,33.3066,13.8911,18.09388497191933,36.20388382350509,1.4182068255370934,1.519887324108484,34.0,5.0,1,0
363,19,p108,33.1121,12.1878,21.88231952418591,36.57699177923535,1.341743198231316,1.3721642977304018,37.0,5.0,1,0
364,19,p109,33.6559,12.2705,22.44546517165437,36.75008325420223,1.400412185751038,1.379626555738504,37.0,5.0,1,0
365,20,v2,20.8149,8.0791,3.224108566548143,28.341036072306615,0.0624,1.1274214317803068,90.0,38.0,2,1
366,20,v3,26.0909,13.3335,-0.3615688149172396,18.7085332641096,2.2905,2.243127431536534,61.0,38.0,2,1
367,20,v4,20.7431,3.6401,1.7937707139680215,22.50382040377284,0.1058,1.6147460167583212,82.0,54.0,2,1
368,20,p63,15.0578,4.1767,12.699546415205516,-2.2422877149524276,0.08094689617273783,1.020465779276859,50.0,38.0,1,0
369,20,p183,13.5395,16.4536,13.31506848865533,36.69639272531323,1.3381418534669633,1.4462603761778663,59.0,38.0,1,0
370,20,p184,12.8872,16.5479,12.297989985435551,36.73017057331918,1.4080149146937329,1.4458475162738664,59.0,38.0,1,0
371,20,p186,7.5179,14.6143,3.21995709141243,31.18739837486515,1.4081810856562447,1.4300781174892954,55.0,38.0,1,0
372,20,p195,13.697000000000001,14.2469,13.197469272748126,37.23361979722181,1.3537471846692792,1.4374026183914237,63.0,38.0,1,0
373,20,p196,12.9806,14.1661,12.510364930242355,36.46088822100127,1.3670128346142183,1.4439055026383454,62.0,38.0,1,0
374,20,p197,9.593,14.5786,3.7781840600712244,36.487890384313964,1.4491183112499821,1.5385318977560134,61.0,38.0,1,0
375,20,p198,13.5177,12.4353,12.154841848940404,37.18983958369013,1.4303910584172426,1.4194539758217217,66.0,38.0,1,0
376,20,p199,12.8174,12.387,10.894767189591459,36.8642466332503,1.2468837515983597,1.3925367334749483,66.0,38.0,1,0
377,20,p200,12.5967,12.0149,10.509421124697809,36.6293191876473,1.3842618249449776,1.4087040181282737,66.0,38.0,1,0
378,20,p201,11.7815,12.1865,9.863866387444252,36.904921275071914,1.2878448237268338,1.4112275561415495,66.0,38.0,1,0
379,20,p202,9.7998,11.4344,5.820050286667038,37.144754208888294,1.3631195178706819,1.4048547560004356,68.0,38.0,1,0
380,20,p203,9.035,11.799000000000001,4.976094378721144,36.70911784630988,1.487118152669787,1.4038989083929159,67.0,38.0,1,0
381,20,p213,13.8807,9.1869,11.200269948971115,36.9890230576863,1.4393475535811355,1.3878216128557666,76.0,38.0,1,0
382,20,p214,12.9428,9.0481,10.400635747114924,36.90731251536798,1.4529180706426637,1.4005372406232157,76.0,38.0,1,0
383,20,p216,12.6715,8.1003,8.938541556096812,36.58691473959658,1.6358732041328876,1.3908698802002457,78.0,38.0,1,0
384,20,p217,11.6682,8.0752,8.35346390414864,36.63044938667714,1.5971047335725983,1.3540813878951277,78.0,38.0,1,0
385,20,p218,12.9062,6.4269,11.994932905444283,37.20631009432419,1.4487017360381675,1.4838593939857554,74.0,38.0,1,0
386,20,p219,13.4693,6.3305,13.08413558143898,36.48289211696733,1.502551117266897,1.4765177197484745,73.0,38.0,1,0
387,20,p220,14.3883,6.2967,14.17869028680679,36.84268228297233,1.6784381102679955,1.488100164816438,73.0,38.0,1,0
388,20,p221,11.3272,5.7482,4.649344135864299,36.673353476068044,1.4224982425296702,1.4022229959520929,81.0,38.0,1,0
389,20,p222,10.6847,5.6567,4.096165964240209,36.757243449855366,1.3595399405681319,1.412733768995221,81.0,38.0,1,0
390,20,p223,10.5091,7.0181,1.7172139698559423,20.545884290250335,1.471027752967292,1.4353230139969047,54.0,38.0,1,0
391,20,p224,9.8232,6.9092,1.9925198300823403,20.910893723981452,1.4160250880545866,1.472020858934776,53.0,38.0,1,0
392,20,p227,14.1548,3.8854,14.316404763900834,36.725139460192835,1.5513757314074499,1.4806666544453335,76.0,38.0,1,0
393,20,p228,13.6064,4.1845,13.4064996895825,36.847006361223414,1.4267498764674906,1.4629538917037843,76.0,38.0,1,0
394,20,p229,13.1959,4.3915,12.770906936426641,36.83437104746235,1.4051833652587837,1.451736260842637,76.0,38.0,1,0
395,20,p230,11.0704,3.9386,2.9858134575678004,31.752285057417666,1.3278204773236477,1.437624899112125,74.0,38.0,1,0
396,20,p231,10.3719,3.9615,3.116093322115575,32.24870907230772,2.14235768488831,2.3148160554716815,59.0,38.0,1,0
397,20,p234,13.8668,3.8101,11.830916075479916,36.59608795619379,1.350908324054597,1.3937499374735887,81.0,41.0,1,0
398,20,p235,13.3382,3.7177,11.121172513376909,36.95981695858384,1.2742221548850892,1.3792371788796207,82.0,41.0,1,0
399,20,p236,12.255999999999998,3.7683,10.473023670794873,36.91348146481405,1.3101817278530485,1.4452432809103386,80.0,41.0,1,0
400,20,p237,11.5657,3.5331,9.785411624589843,36.56515389401672,1.3989936990565754,1.4442347933733228,80.0,41.0,1,0
401,20,p238,14.3237,4.6483,13.2087933970645,37.15146111394189,1.243044524544475,1.5758106924534665,79.0,44.0,1,0
402,20,p239,13.6523,4.6039,12.394325624860771,37.089655364386864,1.1787858499320392,1.5696501175884785,79.0,44.0,1,0
403,20,p240,12.5233,4.4582,10.15266724623071,36.498870285407634,1.3632075593980546,1.4273474532003212,82.0,44.0,1,0
404,20,p241,11.9139,4.5387,9.538784643794294,36.65898636550539,1.3178287787114076,1.4309065026757652,82.0,44.0,1,0
405,20,p242,10.8142,4.5252,9.644824882010047,36.4059398940814,1.9266246391033204,1.8207720105815506,74.0,44.0,1,0
406,20,p243,10.8198,3.2781,5.992134573689361,36.971652939277796,1.503114872523055,1.5193845808292434,83.0,44.0,1,0
407,20,p244,13.1349,3.8504,4.887634211470151,36.73318909525911,1.7765954660529786,2.185009577178267,71.0,44.0,1,0
408,20,p245,13.8051,3.2334,16.479307129433515,36.461285338841336,1.461998840628815,1.7202617308828763,77.0,44.0,1,0
409,20,p246,14.4387,3.4434,17.444820960831855,36.5666348623301,1.237903942153833,1.703086988456362,77.0,44.0,1,0
410,20,p252,12.6968,4.8173,13.507903601587742,36.41565354750138,1.609718351140969,1.5760043963167911,81.0,47.0,1,0
411,20,p253,10.9374,4.1477,4.095472717555365,36.680664628115004,1.522176579769903,1.494037001578003,85.0,47.0,1,0
412,20,p254,13.5306,3.6306,12.282464371986276,36.97350054276525,1.5746691335007492,1.5794242446606597,83.0,47.0,1,0
413,20,p255,12.697000000000001,3.0780000000000003,10.107302209220089,36.89350173375783,1.514647024887317,1.3848521474292292,89.0,47.0,1,0
414,20,p256,11.9242,3.0073,9.018725979452588,36.84316733005574,1.3598212713441424,1.3822512140919094,89.0,47.0,1,0
415,20,p260,13.8124,5.0811,13.246361431688149,37.114119568827576,1.5534878242200676,1.5905924266988347,85.0,51.0,1,0
416,20,p261,13.259,4.993,12.753537759110671,37.036178036012274,1.5868532698394016,1.5932984277746691,85.0,51.0,1,0
417,20,p262,12.7633,4.8961,12.257943081431645,36.89417654163098,1.625578721563493,1.5918505347323084,85.0,51.0,1,0
418,20,p263,12.0274,3.6342,6.688987643733021,36.850048340009934,1.2589666635777137,1.36961076976244,93.0,51.0,1,0
419,20,p264,11.0185,3.8222,6.156051698398089,36.54309014334425,1.3576120543071206,1.3739207329531486,92.0,51.0,1,0
420,20,p268,13.4385,3.1408,11.891443697624869,36.81663220556421,1.4693258896514414,1.5116053474861753,92.0,54.0,1,0
421,20,p269,11.3301,3.7855,6.5581486936509785,36.441958075481615,1.391321479745066,1.60272350395059,89.0,54.0,1,0
422,20,p270,9.7799,7.095,7.008160230679528,37.079072876395934,2.9346124037085373,2.3307324522060293,79.0,57.0,1,0
423,20,p271,12.6769,4.4379,12.528506817788584,36.42824620734053,1.136743577065646,1.5347544538800686,92.0,57.0,1,0
424,20,p272,14.2063,3.6788,13.25835646422983,37.17499897220766,1.165401098334818,1.5752854138518457,93.0,57.0,1,0
425,20,p279,12.8916,4.9609,8.59111504865559,36.79438978676179,1.7653849693480457,1.7602410914261903,92.0,61.0,1,0
426,20,p289,14.017999999999999,4.0958,15.02420225268544,36.83384007787375,1.480138010457133,1.6818506346883695,97.0,64.0,1,0
427,20,p290,11.1134,3.4121,3.348419440259849,37.13036705657957,1.4314423390412903,1.3838828583574787,107.0,64.0,1,0
428,20,p291,10.5043,3.1432,3.357271772015987,32.436916966849985,1.2771802143785347,1.3599535660491802,101.0,64.0,1,0
429,20,p292,10.4734,4.1776,3.099477137288435,32.73612327957495,1.3642009419436714,1.328918478179074,101.0,64.0,1,0
430,20,p296,10.9973,3.8561,8.413447226613123,36.9538330081323,1.389338148184235,1.4864991015778035,105.0,67.0,1,0
431,20,p298,12.16,4.6083,10.454917491379902,36.858626460488935,1.4608180311044905,1.3719266154459793,107.0,67.0,1,0
432,20,p299,12.8159,3.9082,11.07118502727163,37.0298775203396,1.4148622724491597,1.4462211937984748,106.0,67.0,1,0
433,20,p300,13.0927,4.6429,11.07932829169618,36.62211985203777,1.3243984483530626,1.3536636620915081,107.0,67.0,1,0
434,20,p301,13.533,3.6196,11.812040502493701,36.77767911846036,1.36229829699666,1.412713039137775,107.0,67.0,1,0
435,20,p302,14.4145,3.6668,13.728725488874703,37.251657970835375,1.895147751495909,1.6181443586793698,105.0,67.0,1,0
436,20,p303,11.8993,2.7942,6.792140155966597,36.32589525138776,1.6223848156340712,1.719663237853655,101.0,67.0,1,0
437,20,p307,10.9259,3.5249,10.002584263026108,37.03470307774757,1.2032589912400404,1.325094098752026,114.0,71.0,1,0
438,20,p308,11.3987,3.4939,10.424898274509182,36.9893882949271,1.2203956407657313,1.3261118531369795,114.0,71.0,1,0
439,20,p309,11.8168,3.4816,10.909026940107106,37.07237519385737,1.2942499488120522,1.3320766470332575,114.0,71.0,1,0
440,20,p310,12.332,3.6023,11.545627766186058,37.00671513275319,1.3261384920135604,1.3263129319808318,114.0,71.0,1,0
441,21,v5,40.9414,10.4447,0.4529183596394164,17.65366448529584,0.8289,1.769149923457865,125.0,81.0,2,1
442,21,p293,31.3281,13.2461,20.85423014467785,36.58634363675024,1.3506388895630097,1.419920693108143,110.0,81.0,1,0
443,21,p294,32.0747,13.4017,21.47167929190767,36.313457217080746,1.3936764079225852,1.403136333499918,110.0,81.0,1,0
444,21,p295,32.6819,13.8075,22.0451726187985,36.57687523900575,1.3600263306274625,1.3915836896677587,110.0,81.0,1,0
445,21,p304,30.5516,14.1991,24.11393553761065,36.69798825722016,1.68698167447071,1.7573646856934764,102.0,81.0,1,0
446,21,p305,33.2521,10.4229,20.476500053600148,36.137201932699625,1.5078567106989975,1.4289444393157469,115.0,81.0,1,0
447,21,p311,30.3542,11.1834,17.6619011597797,36.6030696718432,1.4968102251120547,1.561287058440554,111.0,81.0,1,0
448,21,p312,30.7835,11.6521,18.772322696411763,36.45168652032911,1.5518239623101584,1.5578687787806151,110.0,81.0,1,0
449,21,p313,33.0318,9.44,21.51779458027589,36.24140496813354,1.3265430298335594,1.4223268130448259,115.0,81.0,1,0
450,21,p314,33.4202,9.6494,22.24311968211067,36.688478417021514,1.2062833249282692,1.420103601223927,115.0,81.0,1,0
451,21,p315,35.1903,10.4096,31.064373890215627,36.468080693374986,1.4202546954683868,1.4828697287655705,110.0,81.0,1,0
452,21,p316,34.9305,12.2259,23.502909919088605,36.77204411538793,1.394096413452097,1.4433335449805302,112.0,81.0,1,0
453,21,p317,35.3414,12.4334,24.000480813427863,36.74948602878068,1.3897260053694038,1.4291762853534293,112.0,81.0,1,0
454,21,p318,30.1041,10.1143,18.592391810180743,36.86694290378556,1.658226504431768,1.5677831687391475,112.0,81.0,1,0
455,21,p328,32.4517,8.2611,16.562707576199497,36.57068912902794,1.4855704796474651,1.6182824377002327,115.0,81.0,1,0
456,21,p329,31.9177,7.8813,16.236468396682177,36.15294230039328,1.3785924706018093,1.6034345550377824,115.0,81.0,1,0
457,21,p330,30.3219,8.6578,18.17394379551409,36.6360384596926,1.6648825123713684,1.6045792236708485,113.0,81.0,1,0
458,21,p331,34.2871,8.5853,28.423995367131056,36.492979587425744,1.7479927059344385,1.6875129983637174,109.0,81.0,1,0
459,21,p332,34.9461,8.6984,29.34051685637663,36.73516287547926,1.6946292131318874,1.687073288556322,109.0,81.0,1,0
460,21,p333,36.1226,8.9892,29.36532441392851,36.47037445363202,1.4237861812786357,1.4732309850600493,113.0,81.0,1,0
461,21,p342,35.6601,7.4697,26.38738259270886,36.78703050274159,1.6420973174571596,1.6813870441167746,112.0,81.0,1,0
462,21,p343,35.8785,5.9296,32.21142153664603,36.83837739501949,1.5690483294022528,1.7120455948679645,112.0,81.0,1,0
463,21,p344,37.8697,4.4848,23.852920049515404,36.71475486664032,1.224671792767352,1.551657401474476,127.0,81.0,1,0
464,21,p345,38.3417,4.6051,24.798390798461554,36.33737074165963,1.2903392305901575,1.524300180457062,127.0,81.0,1,0
465,21,p348,35.8228,3.4948,22.297724895068143,35.59561773245181,1.4908105479905889,1.3355449772811887,129.0,81.0,1,0
466,21,p349,36.6224,3.1015,22.934315773067798,33.584443402028235,1.5384772211508364,1.46666512927942,129.0,81.0,1,0
467,21,p350,37.0975,3.4809,23.73410290385256,34.073022017463124,1.5596485020670523,1.4919198812188008,129.0,81.0,1,0
468,21,p351,40.1594,3.492,18.614980306726004,29.957196177019313,1.1662085276656142,1.3355642089224795,129.0,81.0,1,0
469,21,p358,34.1162,3.7430000000000003,17.766371965001355,36.15272026378996,1.7055178216600377,1.6235904343545393,123.0,84.0,1,0
470,21,p359,34.5585,4.1544,18.289449111118724,36.6364931705784,1.7630624180669272,1.655544416147977,123.0,84.0,1,0
471,21,p360,37.3024,4.376,18.0382251662036,35.932015615350934,1.570917964121615,1.858538113450697,120.0,84.0,1,0
472,21,p372,34.154,3.8571,14.198808862530893,36.23137986361574,1.7748168722434436,1.7451705759875686,127.0,87.0,1,0
473,21,p373,35.9076,2.5701,15.771573845529447,29.056447436149284,1.5490550990846002,1.4153604265715105,129.0,87.0,1,0
474,21,p379,35.3543,4.9477,23.741649024156338,35.57512283082213,1.4514703855056776,1.5312369557245842,129.0,91.0,1,0
475,21,p380,36.1248,2.8771,18.448547442650256,33.001001866130075,1.3849059498752976,1.5883943069780484,129.0,91.0,1,0
476,21,p388,35.5101,4.2328,19.414297914458157,32.924588719259106,1.5861171488890724,1.6188931516193958,129.0,94.0,1,0
477,21,p389,38.1083,4.2295,24.635287527188293,29.235655817716825,1.2488834092900747,1.339764533096072,129.0,94.0,1,0
478,21,p390,38.0382,3.3976,24.274530405479673,28.341787515861057,1.2672331513971689,1.3458701762599545,129.0,94.0,1,0
479,21,p391,35.7809,2.99,20.94330187908725,34.57399798252916,1.5622779266186924,1.7110127270080568,129.0,94.0,1,0
480,21,p394,36.6364,4.3796,23.2972699847135,28.104770422552793,1.2743318327657047,1.3899382122523987,129.0,97.0,1,0
481,22,v0,29.9863,10.707,0.6639329698159795,18.08743364711091,3.9316,3.078258175094713,33.0,14.0,2,1
482,22,p0,20.8487,11.0375,19.7111136878687,31.269915302572862,1.467876977133983,1.5283369777488853,34.0,14.0,1,0
483,22,p1,20.6545,12.7151,19.292653905696426,31.19117268803933,1.679566521457248,1.69073772930899,30.0,14.0,1,0
484,22,p2,15.9966,10.8576,11.250081422247236,30.148491701023552,1.346251633239492,1.4126432073940451,35.0,14.0,1,0
485,22,p3,16.5942,11.0567,11.793005356910644,30.412024732289733,1.3889126682408797,1.4253584817161995,35.0,14.0,1,0
486,22,p4,19.7027,13.0765,18.00330452227857,31.141221629678366,1.556083834502499,1.5474727016931837,31.0,14.0,1,0
487,22,p7,18.2193,14.5537,17.53666077350829,31.243322803154328,1.605885985990288,1.5774538189348306,29.0,14.0,1,0
488,22,p8,18.8671,14.7231,18.17297331689842,31.256899535430676,1.5633474629780804,1.5496648071869277,29.0,14.0,1,0
489,22,p9,17.6673,12.8785,13.330215987486431,30.35682813048296,1.153731415884997,1.2408632181882984,35.0,14.0,1,0
490,22,p10,17.2025,12.6882,12.828798366483312,30.193381573523816,1.1484473779847295,1.2415987063964573,35.0,14.0,1,0
491,22,p11,14.4323,13.3857,10.712547528560822,31.02054852567666,1.5895328873603087,1.544597330802866,31.0,14.0,1,0
492,22,p12,15.1179,13.4467,11.524235965580274,31.24721833407334,1.6865492729238598,1.569579898600371,31.0,14.0,1,0
493,22,p13,15.6969,14.1251,12.06884490934587,31.29042568121291,1.3123691591926412,1.3269879811491971,33.0,14.0,1,0
494,22,p14,16.1213,14.5149,12.55895851344249,30.987832440274047,1.3036026465146502,1.322921505883255,32.0,14.0,1,0
495,22,p15,14.4675,11.9132,8.984709963108429,27.753052099146444,1.1321492525281285,1.1258635538184947,35.0,14.0,1,0
496,22,p93,11.545,9.0708,29.758924571749105,3.284669849063568,1.2749377435780935,1.3622462185812807,35.0,14.0,1,0
497,22,p94,12.0396,9.8078,29.882447498477916,3.988185158831877,1.3393736483894252,1.3388477974680877,35.0,14.0,1,0
498,22,p95,15.8995,8.5228,13.341411805977419,27.052322683747303,1.2498262159196374,1.3083229654996933,35.0,14.0,1,0
499,22,p96,16.6026,8.8075,13.539616500084234,27.48438776406177,1.211049668675897,1.3218692165935748,35.0,14.0,1,0
500,22,p97,17.6076,10.4573,15.748739915100769,31.252943823105163,1.6406348649227225,1.594322391272006,34.0,14.0,1,0
501,22,p98,21.3331,9.6068,18.255407479430133,30.97221748305784,1.3877017871286323,1.648070555666716,34.0,14.0,1,0
502,22,p102,20.1164,8.9858,16.80674773639144,31.210966415154978,1.667626759799686,1.8451450048050146,35.0,14.0,1,0
503,22,p103,15.4358,8.0191,5.054494255899783,28.124094863034735,1.711021648022023,1.6903795157333783,35.0,14.0,1,0
504,22,p104,15.1409,7.4805,6.185287229318192,28.39431792735501,1.452041852013915,1.6821911869982187,35.0,14.0,1,0
505,22,p105,20.6732,6.9719,20.028701653219795,21.060076121661382,1.525140796779104,1.374482303930718,35.0,14.0,1,0
506,22,p108,16.8892,4.7139,14.00200227952667,20.287933740895163,1.29651132274269,1.0946567954795166,35.0,14.0,1,0
507,22,p109,18.1589,4.4274,15.312316481571314,20.858918098023288,1.3664544083137207,1.2923964465601219,35.0,14.0,1,0
508,22,p110,18.6615,4.1896,16.10346691793095,20.80457427866038,1.3473789073605091,1.317126216053468,35.0,14.0,1,0
509,22,p111,19.2702,4.4883,16.895415126428702,21.01214879839237,1.3255541935356698,1.2686958213782722,35.0,14.0,1,0
510,22,p112,20.0251,4.5042,19.001317434029843,22.355497501143407,1.5472885994538963,1.4139441455401258,35.0,14.0,1,0
511,22,p113,20.5673,4.4842,19.727830771683106,22.343085299751667,1.5834982854427093,1.4689877690249127,35.0,14.0,1,0
512,22,p114,16.975,3.8231,11.295609235272286,19.18038799292434,1.4431057792137068,1.2327719288494507,35.0,16.0,1,0
513,22,p115,17.8911,4.0237,11.698855821511405,19.101860733726536,1.3059101653636058,1.2126105872297872,35.0,16.0,1,0
514,22,p116,18.6996,3.9559,12.380396796887963,19.23157272634134,1.3270616036944178,1.2411377375246322,35.0,16.0,1,0
515,22,p117,20.4086,4.6071,18.6376690281066,21.077445556294265,1.4080705983721131,1.343093896299192,35.0,16.0,1,0
516,22,p118,20.869,4.6648,19.086469104053613,21.041542369918748,1.29410640984426,1.2466336076689168,35.0,16.0,1,0
517,22,p120,17.5945,2.7872,12.588224631479529,18.016025754525415,1.3665297435475017,1.3067060510916544,35.0,18.0,1,0
518,22,p121,19.2368,4.2036,14.189994699625835,18.148882681693326,1.3749829962584992,1.1836044565235633,35.0,18.0,1,0
519,22,p122,19.705,4.4035,14.578624306332143,18.099110472331933,1.2807712715391457,1.173652863882421,35.0,18.0,1,0
520,22,p123,19.4347,3.0725,21.019383935541416,19.8784191155598,1.4271080022198739,1.4043464301041828,35.0,18.0,1,0
521,22,p124,20.1011,3.3295,21.70708168368046,20.069848906929515,1.3616898398680957,1.392067967778097,35.0,18.0,1,0
522,22,p125,20.6836,3.3212,22.260726618943483,20.11038450563623,1.4128377861594728,1.3983126166594557,35.0,18.0,1,0
523,22,p126,17.9697,4.2956,18.09783028939686,19.75842835016568,1.6859071208106335,1.5139883986360971,35.0,21.0,1,0
524,22,p127,18.433,4.4979,18.609549174225553,19.86256994834467,1.6334796754168692,1.4951240635852014,35.0,21.0,1,0
525,22,p128,18.9247,4.6888,19.18482413566911,19.929871926178084,1.643994659358722,1.4796847870009215,35.0,21.0,1,0
526,22,p129,20.1115,4.0491,20.220533739285326,18.534858368160783,1.4137221403090494,1.3651025649648503,35.0,21.0,1,0
527,22,p130,20.6619,4.0175,20.832127922997305,18.558957436487987,1.3704318151590031,1.3700812002786018,35.0,21.0,1,0
528,22,p133,17.594,3.5818,13.630693693303096,16.289333027246926,1.214805239534305,1.3724986521747318,35.0,23.0,1,0
529,22,p134,18.2843,3.4403,14.452026995689884,16.302942004152904,1.4549385176013452,1.4106667423168746,35.0,23.0,1,0
530,22,p135,19.6476,3.5163,18.005052587995372,17.157241217918944,1.4372579900630227,1.4522761465453562,35.0,23.0,1,0
531,23,v0,32.2157,11.9941,1.3381163356145622,19.304884683751677,4.8173,3.102641682379409,37.0,13.0,2,1
532,23,p57,19.2099,11.4863,17.801617672385024,36.27655162871842,1.1161978050506998,1.054952987716834,66.0,13.0,1,0
533,23,p58,18.0971,11.7626,16.573150271680007,36.45910768608041,1.011421875381386,1.0255063342043886,66.0,13.0,1,0
534,23,p59,16.4708,13.3753,15.387229427047487,36.338842849912716,1.5854694099855726,1.5053601470025857,37.0,13.0,1,0
535,23,p60,15.9076,13.2645,14.687500905370124,36.20954604725013,1.6008015242371554,1.5066546527703408,37.0,13.0,1,0
536,23,p61,17.0194,13.9406,15.866303780051947,36.54790876994766,1.6034643806458564,1.4784108506613998,37.0,13.0,1,0
537,23,p62,16.1027,10.5533,12.781930058525893,35.94568341791903,1.2949989111964535,1.3315935805488377,44.0,13.0,1,0
538,23,p63,15.3962,10.3629,11.916000431886776,36.44507535063918,1.2204821670143322,1.3341568700700464,45.0,13.0,1,0
539,23,p64,19.7904,12.3443,18.467206172713833,35.94465979766745,1.3934375084660238,1.3365971579701232,41.0,13.0,1,0
540,23,p65,20.2476,12.4294,18.9603921142224,36.09922290464247,1.3049204190294517,1.3376576534716311,41.0,13.0,1,0
541,23,p66,19.4752,9.8585,18.979107537311258,36.47043144105034,1.3075007762904005,1.3437487631958347,54.0,13.0,1,0
542,23,p67,18.7686,9.8657,18.552686722292897,36.44643505344665,1.3361867010264694,1.3393415183215325,54.0,13.0,1,0
543,23,p71,15.9802,9.1436,10.471405496298537,36.14810304300403,1.2449014097509892,1.5060941308913176,43.0,13.0,1,0
544,23,p72,15.2522,8.8106,9.591791029545094,35.94342322047944,1.3184992870684458,1.5183876354014225,43.0,13.0,1,0
545,23,p73,17.0136,7.9449,13.324524276078149,36.0782600402988,1.395459555128704,1.4186878330509383,46.0,13.0,1,0
546,23,p74,18.2468,7.9182,14.016275079627922,36.241842386929356,1.3536459101256872,1.4333178239435937,46.0,13.0,1,0
547,23,p75,15.9739,7.1181,12.320358473218372,36.39591829280257,1.3690257338706238,1.4671867549946755,47.0,13.0,1,0
548,23,p78,19.5269,5.768,15.419427332735495,36.303368894366585,1.3809405237011476,1.3509031524463124,59.0,13.0,1,0
549,23,p79,19.1601,6.0236,14.740318432180274,36.47083819424341,1.3759571395941081,1.3182083730457816,59.0,13.0,1,0
550,23,p80,18.5871,6.2006,14.088897383848025,35.81690814653298,1.3309021188652457,1.329700569151,58.0,13.0,1,0
551,23,p81,17.329,4.7187,13.986858328905065,36.14616462630696,1.5061434327447039,1.5215557422290522,49.0,13.0,1,0
552,23,p82,16.7113,4.5897,14.813308696300826,36.37951221902691,1.4628049904208011,1.5083395699665623,49.0,13.0,1,0
553,23,p88,17.1872,3.0279,6.794566953163599,35.7780999071978,1.158059415574175,1.1447188719765067,68.0,16.0,1,0
554,23,p89,19.4492,3.8437,12.699892837457675,35.69438558099834,1.4919346902595974,1.3544419667997025,58.0,16.0,1,0
555,23,p91,20.203,3.3038,20.529622858237303,36.48015770515202,1.4350163762131778,1.458542233096869,56.0,17.0,1,0
556,23,p92,19.5779,3.2327,20.04333664417593,36.26880384329858,1.4420344101303546,1.4522544483905075,56.0,17.0,1,0
557,23,p93,18.0875,2.7034,11.927586867407905,35.91535671141926,1.0604499045216609,1.2264196736736166,64.0,17.0,1,0
558,23,p94,16.5718,3.4521,9.327514258208813,36.26291197980004,1.1693064824929347,1.2779653617187958,64.0,19.0,1,0
559,23,p95,17.2107,3.4855,10.263529561102844,36.14598661245834,1.2062070883558926,1.2677738790921798,64.0,19.0,1,0
560,23,p96,16.6328,3.1163,8.824563130840096,36.16906257526987,1.1577890826916621,1.2622095610852577,67.0,21.0,1,0
561,23,p97,17.5253,2.9416,9.643661259105908,35.85411811500019,1.1942760568645758,1.2600896402668669,67.0,21.0,1,0
562,23,p98,17.945,3.4336,10.055365207650631,35.91018395534939,1.1699873375383172,1.2664957834801345,66.0,21.0,1,0
563,23,p99,18.6256,3.5829,10.318868062813282,35.78683062498447,1.4009265112774474,1.272221762977103,66.0,21.0,1,0
564,23,p100,19.8039,3.0918,14.225957988769407,36.180836386078575,1.3856591391825046,1.3105202262772808,66.0,22.0,1,0
565,23,p101,20.2067,3.2129,14.579042259074827,36.47272706469929,1.4317994622152923,1.3215462932171327,66.0,22.0,1,0
566,23,p102,19.8522,3.5352,19.25560719074054,35.92055181950725,1.215971319563089,1.273653095725005,69.0,26.0,1,0
567,23,p103,18.4285,4.1528,14.399137846447795,36.19412693086335,1.384729320120001,1.4759970219830365,63.0,26.0,1,0
568,23,p104,17.4697,3.3433,14.20902050227928,36.368305910113385,1.135399775409525,1.3196709380499578,69.0,26.0,1,0
569,24,v1,24.7906,13.6076,-0.3090163901262102,20.554894811150128,3.8135,4.3808930721767245,61.0,52.0,2,1
570,24,v3,41.24100000000001,13.8126,2.2181181116368176,18.38120405749459,3.4628,3.927438166744456,69.0,52.0,2,1
571,24,p113,15.6266,12.969000000000001,12.123457276786423,28.89495889239628,1.371080690550341,1.2026736430844527,71.0,52.0,1,0
572,24,p116,23.2459,20.2461,19.746132511989703,0.816591867569076,1.5235467075216302,1.5585770274106887,71.0,52.0,1,0
573,24,p117,17.2562,9.8064,14.919457734898696,30.39951781850415,1.3868512717663708,1.6418825745072099,71.0,52.0,1,0
574,24,p118,17.8552,9.6669,15.757304516897774,30.034586091621893,1.4181449996386124,1.6190352839426314,71.0,52.0,1,0
575,24,p119,18.0729,9.842,15.967965611879693,30.188154972495646,1.430112191403178,1.619244094150703,71.0,52.0,1,0
576,24,p120,20.2792,9.6508,22.286875093865802,36.29616684778574,1.963630375096087,2.2774391126288362,71.0,52.0,1,0
577,24,p121,17.0037,6.1765,16.906047338083017,22.754113253318103,1.3194192093493256,1.2338561383188558,71.0,52.0,1,0
578,24,p123,19.2582,5.3532,19.59627268730546,23.951574147266918,1.5613504571363854,1.4610308799090563,71.0,52.0,1,0
579,24,p126,16.0472,7.1019,16.35052033952918,22.84437215312932,1.668878129163421,1.3081052626158174,71.0,54.0,1,0
580,25,v0,26.0393,11.0212,0.6179081985035619,14.373236651004822,4.4218,4.562241517217641,23.0,14.0,2,1
581,25,p2,15.8876,23.3245,15.894655535247049,8.34800055485466,1.7871444065883428,1.8119346883348675,25.0,14.0,1,0
582,25,p3,16.9383,23.3184,16.47761926109642,8.129498200213078,1.8074016543093017,1.852400583636877,25.0,14.0,1,0
583,25,p4,16.1647,26.0426,16.005040202337952,11.777913159702337,1.7731032485447653,1.6947374739535235,25.0,14.0,1,0
584,25,p5,16.9039,26.5008,16.440229678082083,12.087985378058928,1.5836917534671955,1.698314676538715,25.0,14.0,1,0
585,25,p10,14.0757,11.2016,11.60180466273689,23.872846872263533,1.3530914418471502,1.4306117334650033,25.0,14.0,1,0
586,25,p11,14.716,11.1949,12.203829648605687,23.964260272239205,1.3491083018053074,1.4483613529032793,25.0,14.0,1,0
587,25,p12,14.0324,3.8709,13.50935764828146,16.01536923244889,1.6501444088321482,1.5946686862305521,25.0,16.0,1,0
588,25,p13,14.5194,4.3772,14.729921956177556,16.499146137961752,1.5979221570527147,1.5865198894269354,25.0,16.0,1,0
589,25,p14,13.6497,4.0636,12.99146814702451,14.03534226401851,1.6872693323829482,1.6632097957830807,25.0,19.0,1,0
590,25,p15,15.677999999999999,4.3062,17.36912707659313,14.23998366223665,1.4950285616000785,1.6409573360000134,25.0,19.0,1,0
591,26,v1,41.5289,6.4984,0.739532571855845,17.09827336124103,2.9205,2.5799164629147513,40.0,5.0,2,1
592,26,v2,42.0015,7.1619,0.17456603032019924,14.920735739052002,1.6689,2.551053795135758,44.0,13.0,2,1
593,26,p12,30.8939,12.9706,47.395583674276764,5.810069493428755,1.2461675328783044,1.2462630721953654,26.0,5.0,1,0
594,26,p13,31.2484,13.6271,47.44103981579886,6.413022256613363,1.1701732905856295,1.2190196086932283,26.0,5.0,1,0
595,26,p14,30.8428,15.9787,40.594534490167995,-2.1678267926155548,1.3605675433435858,1.2595415941309136,33.0,5.0,1,0
596,26,p15,31.0878,16.5109,41.309171433707235,-1.7037692718515833,1.2285492664114044,1.2314004460246584,33.0,5.0,1,0
597,26,p16,34.3907,17.2871,38.055536732104805,-2.302836625258412,0.7677664814251792,1.1193264444763478,36.0,5.0,1,0
598,26,p24,35.0968,2.7946,25.70153406712304,28.567501561300816,1.2659182161577422,1.6447183412869129,42.0,5.0,1,0
599,26,p25,35.0999,3.153,28.38118035221642,29.48831737842542,1.2130995548593693,1.646055530702734,42.0,15.0,1,0
600,27,v1,25.8902,10.2798,0.756274651761423,17.161021652324305,2.7816,2.4828362627768525,40.0,19.0,2,1
601,27,v2,36.9475,7.9626,0.178391436585148,14.941122142717376,1.7152,2.6883603260308377,44.0,19.0,2,1
602,27,v3,35.341,3.8138,0.5397325261507335,15.221088003017234,5.2557,3.894774169649579,48.0,26.0,2,1
603,27,p27,11.2368,5.8834,8.493182955019046,29.288998363465563,1.5777535580691937,1.9434185057643478,38.0,19.0,1,0
604,27,p28,11.7908,5.6911,9.044280435367625,29.310535125463915,1.543095022997612,1.964872196993888,38.0,19.0,1,0
605,27,p29,11.9502,3.6949,9.32552516768409,29.576085414950963,1.2359446994101313,1.6799991338146054,44.0,19.0,1,0
606,27,p30,13.5404,3.0069999999999997,10.813034034651025,29.091190044519255,1.2612738521034994,1.7793186372441505,43.0,19.0,1,0
607,27,p31,10.2797,3.0472,9.852326545249634,29.079726349422025,1.6873591970887527,1.992584846593436,40.0,19.0,1,0
608,27,p36,13.187999999999999,3.6504,13.193001984318334,17.52949967528524,1.3078831216893962,1.2980805501718142,51.0,30.0,1,0
609,27,p37,11.1979,2.9387,9.302509188300245,15.746028733826801,1.1425873183262625,0.9981618739866308,51.0,34.0,1,0
610,27,p38,11.8124,3.1277,10.080664669696764,15.996433555095901,1.271949975431424,1.0677420559058783,51.0,34.0,1,0
611,27,p39,13.6397,3.2384,15.61176743137836,16.317615523402964,1.0583623245373013,1.1790589055630387,51.0,34.0,1,0
612,27,p40,11.6556,3.3731,5.555120593095231,13.856560428202723,1.2396583077606507,1.2986653046979464,51.0,40.0,1,0
613,27,p41,12.1418,3.6085,6.083488269077224,14.054859597777803,1.4710776084217991,1.3136970877892564,51.0,40.0,1,0
614,28,v0,20.3492,5.8508,1.5550801529991913,18.81073868546718,5.8575,5.946469828672951,11.0,5.0,2,1
615,28,p0,11.567,5.669,9.555032976265807,16.508735387443593,1.384238032276241,1.4883182279165148,13.0,5.0,1,0
616,28,p2,9.9324,9.9417,7.133937546961421,19.448924201304514,1.2054689792773599,1.2260737159764303,13.0,5.0,1,0
617,28,p4,13.5186,3.0645,13.762301446159334,13.989956588143134,1.391231202927824,1.4676295461075093,13.0,5.0,1,0
618,29,v0,57.5177,16.3368,-0.7424931232216077,19.73964142215371,5.8311,5.97608198248241,19.0,1.0,2,1
619,29,p11,30.0326,11.7212,46.77809083767602,6.783987597969795,1.3882645929360873,1.388947205230325,19.0,1.0,1,0
620,29,p12,30.2403,12.3705,46.9315212146821,7.447112416621703,1.3798956518519796,1.3803831671660964,19.0,1.0,1,0
621,29,p13,30.2969,13.0197,46.92682157068139,7.922967407962718,1.3459325466010545,1.3765489248783185,19.0,1.0,1,0
622,29,p14,33.4438,14.3251,22.37066306448514,25.53519731642745,1.255310658761408,1.2545895427590092,19.0,1.0,1,0
623,29,p15,33.6457,14.6766,22.65066868956762,25.6853351300964,1.4132549734566655,1.2443880329493147,19.0,1.0,1,0
624,29,p16,33.7877,10.3759,49.858248639608604,5.644580866358389,1.3538088676028088,1.3128918659644506,19.0,1.0,1,0
625,29,p17,33.8772,10.9912,50.31134461050012,6.514874148633102,1.2556442967656085,1.3347577386061273,19.0,1.0,1,0
626,29,p18,38.3866,7.2769,27.971594358964122,19.511845851741555,0.9408368243218375,1.2948143991349856,19.0,1.0,1,0
627,29,p19,39.1049,4.3415,29.304062740277875,20.277498980961532,1.6259088842859553,1.579367739166882,19.0,1.0,1,0
628,29,p20,40.1097,4.3538,31.564449741533718,15.89581725634568,1.2820993760235593,1.1630336267244894,19.0,1.0,1,0
629,29,p21,45.9458,16.5951,53.445193604349434,5.618899875208051,0.7468219131760931,1.21134432163347,19.0,1.0,1,0
630,29,p22,46.6593,16.8512,53.845300634938184,6.066581804545134,0.5240516195948639,1.2435933054057393,19.0,1.0,1,0
631,29,p23,47.2833,16.0142,56.09794731971136,6.771465723636795,0.2113875351102803,1.2212375378063276,19.0,1.0,1,0
632,29,p24,46.2504,15.6797,55.56536196633165,5.8241043258018355,0.5407249393175795,1.1637313661404671,19.0,1.0,1,0
633,30,v0,42.5179,9.9163,0.6031727708806436,14.440357612850763,4.196000000000001,4.545246848166458,17.0,1.0,2,1
634,30,p0,6.1338,5.8634,5.3839204737821715,27.550913831811947,1.3967228071453548,1.511953694531581,23.0,1.0,1,0
635,30,v1,43.9157,10.1498,-0.27522519757080843,15.605540705106867,4.7951,4.896952180840598,22.0,6.0,2,1
636,30,p1,6.8735,5.9371,6.08318852064289,27.657093365214035,1.4328759960303614,1.5160757706173853,23.0,1.0,1,0
637,30,p2,7.209,6.2236,6.728523368891312,27.167284754040566,1.4008143809941416,1.5140725561794355,22.0,1.0,1,0
638,30,p5,8.6648,17.4931,8.985680737514164,-2.170734414026196,1.6171087780356646,1.5513590690275394,20.0,1.0,1,0
639,30,p8,24.346999999999998,10.3508,16.12200359749119,27.128749534800097,1.517767202175617,1.5250047608693116,19.0,1.0,1,0
640,30,p9,25.1684,10.7807,16.146054993614477,26.791697921559035,1.9400421258312925,1.9218859862926496,15.0,1.0,1,0
641,30,p10,27.8412,6.5652,26.88733331751689,23.75241750327018,0.7697393325015944,1.2893017722195232,27.0,1.0,1,0
642,30,p11,30.7264,3.9263,17.24346449462195,25.621197063265978,1.691078830214606,1.6338160222878582,27.0,1.0,1,0
643,30,p20,7.022,3.9178,5.230172843914845,20.722517092208953,1.6123692908263911,1.4032542168425828,27.0,4.0,1,0
644,30,p21,6.2253,3.6095,4.442880394594729,20.438589838612643,1.527620977206061,1.3414638754648411,27.0,4.0,1,0
645,30,p22,9.0129,22.1625,21.0519553898985,8.487750578352408,1.2796565945596499,1.3273662632825622,27.0,7.0,1,0
